,count,mean,std,min,1%,5%,25%,50%,75%,95%,99%,max
age,662440.0,26.61540818791136,5.153162178266936,18.0,18.0,18.0,22.0,27.0,31.0,35.0,35.0,35.0
daily_screen_time_hours,595515.0,7.6408654878550495,2.721446351675991,0.5,2.03,3.19,5.48,7.77,9.84,11.71,12.68,15.0
social_media_hours,557374.0,2.47103820773843,1.316137101001467,0.0,0.22,0.58,1.45,2.31,3.37,4.86,5.71,8.0
gaming_hours,564548.0,1.4592647215117227,0.9345517121852581,0.0,0.05,0.18,0.7,1.33,2.09,3.21,3.83,4.0
work_study_hours,639851.0,2.3669709041636255,1.258796742542741,0.0,0.37,0.63,1.36,2.2,3.2,4.71,5.67,6.0
sleep_hours,646889.0,6.80433409750359,1.2345120561267866,4.5,4.57,4.84,5.78,6.8,7.87,8.73,8.94,9.0
notifications_per_day,623785.0,145.89489968498762,65.91755632228919,20.0,23.0,33.0,93.0,150.0,204.0,240.0,248.0,250.0
app_opens_per_day,610659.0,102.63678092028448,48.09397048505238,15.0,16.0,23.0,64.0,104.0,145.0,175.0,179.0,180.0
weekend_screen_time,579306.0,9.479866442778082,2.856005514584469,0.51,3.67,4.72,7.28,9.58,11.75,13.96,15.31,17.56
